{
    "Dijkstra": {
        "ghosts": [
            "Blinky",
            "Pinky"
        ],
        "avg_step_count": 17.0,
        "avg_speed": 48.92510596049715,
        "avg_path_efficiency": 0.07795187907884576,
        "instances": 2
    },
    "Random": {
        "ghosts": [
            "Inky",
            "Clyde"
        ],
        "avg_step_count": 16.5,
        "avg_speed": 42.6396845534822,
        "avg_path_efficiency": 0.23333333333333334,
        "instances": 2
    }
}