{
    "A*": {
        "steps": 54.0,
        "avg_distance": 4.434650034650035,
        "direction_changes": 37.970588235294116,
        "count": 1.1470588235294117
    },
    "Dijkstra": {
        "steps": 42,
        "avg_distance": 2.1818181818181817,
        "direction_changes": 36,
        "count": 1
    },
    "BFS": {
        "steps": 57,
        "avg_distance": 3.1186440677966103,
        "direction_changes": 44,
        "count": 1
    },
    "Random": {
        "steps": 20.0,
        "avg_distance": 1.2702702702702702,
        "direction_changes": 15.882352941176471,
        "count": 0.5882352941176471
    }
}